Workbook

Sheet Test Overview
A1: Sim Pipeline
A3: . | B3: Sort Fruits | C3: Sort LEGO Size | D3: Sort Waste
A4: Successful Tasks w/o Reprompts | B4: ='Sort Fruits'!B9 -> 0.4 | C4: ='Sort LEGO size'!B8 -> 0 | D4: ='Sort Waste'!B7 -> 0 | F4: Task | G4: Overall remarks | J4: Task | K4: Initial prompt
A5: Successful Tasks w. Explainer | B5: ='Sort Fruits'!B9+'Sort Fruits'!E9 -> 1 | C5: ='Sort LEGO size'!E8 -> 0 | D5: ='Sort Waste'!E7 -> 0 | F5: Sort Fruits | J5: Sort Fruits
A6: Avg. Reattempts | B6: ='Sort Fruits'!F9 -> 1.8 | F6: Sort Screwdrivers | J6: Sort Screwdrivers
A7: Avg. Time w/o reattempts [min:sec] | B7: ='Sort Fruits'!G10 -> 0 | C7: ='Sort LEGO size'!J4 -> N/A | D7: ='Sort Waste'!J3 -> N/A
A8: Avg. Time w. reattempts [min:sec] | B8: ='Sort Fruits'!G10 -> 0 | C8: ='Sort LEGO size'!K4 | D8: ='Sort Waste'!K3 -> N/A
A9: Avg. Cost | B9: ='Sort Fruits'!H9 -> 1.258
B11: Success w/o Reprompts | C11: Reprompt succes
B12: =SUM(B4:D4)/6 -> 0.066666667
B13: Total Success w. Reprompts
B14: =16.67+(100-16.67)*0.2667 -> 38.894111
A17: Real Pipeline
A19: . | B19: Sort Fruits | C19: Sort By Size | D19: Sort By Color
A20: Success (Real Only) | B20: 0 | C20: ='Sort LEGO size'!B22 -> 1 | D20: ='Sort Waste'!B21 -> 0 | F20: Task | G20: Overall remarks
A21: Success (System) | F21: Sort Fruits
A22: Avg. Task Completion Time [min:sec] | F22: Sort By Size
A23: Avg. Task Termination Time [min:sec] | B23: ='Sort Fruits'!F23 -> 2 | C23: ='Sort LEGO size'!E22 -> 0 | D23: ='Sort Waste'!E21 -> 0
A24: Avg. Cost for Completed Tasks
A25: Avg. Cost for All Tasks | B25: ='Sort Fruits'!J19 -> N/A | C25: ='Sort LEGO size'!J18 -> N/A | D25: ='Sort Waste'!J17 -> 0
B28: Success (Real Only) | C28: Success (System) | D28: Avg. Sorting Ratio
B29: =(SUM('Sort Fruits'!B18:B22)+SUM('Sort LEGO size'!B18:B22))/10 -> 0.5 | D29: =(5*6-('Sort Fruits'!E23+'Sort Fruits'!F23)+16)/(5*6+24) -> 0.77777778
A32: Sim Pipeline on Real Cell
A34: . | B34: Sort Fruits | C34: Sort By Size | D34: Column1
A35: Success | B35: ='Sort Fruits'!B40 -> 0 | C35: ='Sort LEGO size'!B39 -> 0 | D35: ='Sort Waste'!B38 -> 0 | F35: Task | G35: Overall remarks
A36: Avg. Task Complete Time [min:sec] | B36: ='Sort Fruits'!F40 -> 0 | C36: ='Sort LEGO size'!E39 -> 0 | D36: ='Sort Waste'!E38 -> 0 | F36: Sort Fruits
A37: Avg. Task Termination Time [min:sec] | F37: Sort Screwdrivers
A38: Avg. Cost for Completed Tasks | B38: ='Sort Fruits'!J36 -> 0 | C38: ='Sort LEGO size'!J35 -> 0 | D38: ='Sort Waste'!J34 -> 0
A39: Avg. Cost for All Tasks | B39: ='Sort Fruits'!L34 -> 45.36 | C39: ='Sort LEGO size'!K35 -> 0 | D39: ='Sort Waste'!K34 -> 0
B42: Total Success
B43: 0

Sheet Sort Fruits
C1: Sim Pipeline
A3: Run Number | B3: Success | C3: Error Cause | D3: Comments | E3: Success with explainer | F3: Attempts | G3: Time Taken [min] | H3: Cost $ | J3: Time w/o repromtps | K3: Time w. reprompts
A4: 1 | B4: 1 | D4: It attempted to move one of the apples with the right arm, which it could not reach, and it tried a lot of times before using the left instead. Additionally the gripper response where incorrect, as they told socartes that the gripper was holding a object when it did not. As such the system performed unnecessary movements with empty grippers. | E4: 0 | F4: 1 | G4: 10.5 | H4: 0.83 | I4: min | J4: N/A | K4: N/A
A5: 2 | B5: 0 | C5: 1) It ended the run too soon, asking for verification of the next move. 2) The grippers returend that they held a object when they did not, so socrates tought it was finnished when handling the last banana. We where so close ;( 3) It performed a lot of bad grasps. When there was a 2 fruits left, the ros2 newtork broke ;( | D5: 1) 2) It gussed the position of the bananas for a while instead of searching for them. 3) | E5: 0 | F5: 3 | G5: =2+7.82+16.2 -> 26.02 | H5: 1.85 | I5: m:sec | J5: N/A | K5: N/A
A6: 3 | B6: 0 | C6: 1) The 3f grippers told that it held a object when they did not, so socrates tought it was finnished when handling the last apple. We where so close again ;( 2) It ended the loop when it was not compleeted. Socrates hallucinated that there wher no more fuits left, when there where in fact 1 apple and 2 banana. 3) Worked the 3 time :D | D6: 1) It often picked up an apple which was already in the bowl. 2) It gussed the position of the bananas for a while instead of searching for them. 3) Failed a gasp on a banana, but it got it in the end. | E6: 1 | F6: 3 | G6: =12.7+6.87+10.97 -> 30.54 | H6: 2.18 | K6: =106/5 -> 21.2 | L6: sec avg
A7: 4 | B7: 1 | D7: It grasped objects that where already in the bowl | E7: 0 | F7: 1 | G7: 6 | H7: 0.43
A8: 5 | B8: 0 | C8: 1) The left arm ended in a home postion where the joints where blocking the right arm. So it could not pick up the last banana. This arm position also blocked the line of sight to the last banana, it concluded that it was done, and so did the sim_judge. It was a false positive. | D8: 1) It grasped objects that where already in the bowl. The left arm cam | E8: 0 | F8: 1 | G8: 16 | H8: 1 | K8: =(16+6+30+26+10+1)/5 -> 17.8 | L8: min total
A9: Avg. | B9: =SUM(B4:B8)/5 -> 0.4 | E9: =3/5 -> 0.6 | F9: =SUM(F4:F8)/5 -> 1.8 | G9: =SUM(G4:G8)/5 -> 17.812 | H9: =SUM(H4:H8)/5 -> 1.258
A10: Avg (success) | H10: =(H4+H7+H6)/3 -> 1.1466667
C11: Initial prompt | D11: Overall remarks
C12: Sort the fruit. Drop-off point for left bowl is [0.95, 0.4, 0.25, 0, 0, 0] and drop-off point for right bowl is [0.05, 0.4, 0.25, 0, 0, 0].
C16: Real Pipeline
A17: Run Number | B17: Success | C17: Error Cause | D17: Comments | E17: Bananas left | F17: Apples Left | G17: Time Taken [min] | H17: Cost $ | J17: Time w/o repromtps | K17: Time w. reprompts
A18: 1 | B18: 1 | D18: It completed the task before the tool list from the simulation was empty. However, it did not call any of the remaining tools. Instead it kept double-checking if the task was completed by looking for apples and bananas until the list got empty. A task_complete function was added afterwards. | E18: 0 | F18: 0 | G18: 10.02 | H18: 1.2 | I18: min | J18: N/A | K18: N/A
A19: 2 | B19: 0 | C19: It failed because it found the bananas that had already been sorted and tried to pick one of them up resulting in an emergency stop. | D19: It was run using the tool list from run3 | E19: 1 | F19: 1 | G19: 5 | H19: 0.37 | I19: m:sec | J19: N/A | K19: N/A
A20: 3 | B20: 1 | D20: It completed with function calls from the simulation remaining and called task_complete() to finish. | E20: 0 | F20: 0 | G20: 6.38 | H20: 0.6
A21: 4 | B21: 0 | C21: It failed because it found the bananas that had already been sorted and tried to pick one of them up resulting in an emergency stop. | E21: 1 | F21: 1 | G21: 4.92 | H21: 0.37 | K21: =(10+5+6+10)/5 -> 6.2 | L21: =0.2*60+40 -> 52
A22: 5 | B22: 1 | D22: It was run using the tool list from run3 | G22: 6 | H22: 0.6
A23: Avg. | B23: =SUM(B18:B22)/5 -> 0.6 | E23: =SUM(E18:E21) -> 2 | F23: =SUM(F18:F21) -> 2 | G23: =(G22+G21+G20+G19+G18)/5 -> #VALUE! | H23: =SUM(H18:H22)/5 -> 0.628 | K23: =55/60 -> 0.91666667
E24: Avg. sorting rate | F24: =((6*5)-(E23+F23))/(5*6) -> 0.86666667
C25: Initial prompt | D25: Overall remarks
C26: None | D26: It usually finished before the tool list was done. It often failed because it could not distinguish bananas in the containers from the banans on the table, resulting in an emergency stop when picking up. Janise would hallucinate object positions instead of using find_object.
C29: Sim Pipeline on Real Cell
A30: Run Number | B30: Success | C30: Error Cause | D30: Comments | E30: Bananas Left | F30: Apples Left | G30: Time Taken [min] | H30: Cost $ | J30: Time w/o repromtps | K30: Time w. reprompts
A31: 1 | B31: 0 | C31: It found an invalid apple pose and it tried to pick up an apple in the container forcing the operator to push emergency button. | D31: An uncommon error. | E31: 2 | F31: 2 | G31: 3.25 | H31: 0.24 | I31: min | J31: N/A | K31: N/A
A32: 2 | B32: 0 | C32: It started estimating banana poses without finding the bananas first. | D32: This was also a problem in the simulation. | E32: 3 | G32: 3 | H32: 0.22 | I32: m:sec | J32: N/A | K32: N/A
A33: 3 | B33: 0 | C33: It picked up an apple with right, which required a switch but a banana was placed at the switch position. Emergency stop was pressed. | D33: The apple could have been picked up with left arm. | E33: 3 | F33: 1 | G33: 2.33 | H33: 0.19
A34: 4 | B34: 0 | C34: Right arm tried to pick up a banana at a position where no bananas were present. It never used find_object to locate the bananas and thereby hallucinated positions based on Socrates' rough estimations. | D34: A problem that we also saw in the simulation. | E34: 3 | F34: 0 | G34: 7.87 | H34: 0.94 | L34: =0.756*60 -> 45.36
A35: 5 | B35: 0 | C35: Find_object found an apple with z-values at 0.3. After that the right arm collided with the left. It was a small collision but the emergency was pressed. | D35: A problem that we don't usually have on the real cell but it was sometimes noticed in the simulation. It might be a ROS2 problem | E35: 3 | F35: 1 | G35: 7.33 | H35: 0.67 | J35: =15/5 -> 3
A36: Avg. | B36: 0 | E36: =SUM(E31:E35) -> 14 | F36: =SUM(F31:F35) -> 4 | G36: =SUM(G31:G35)/5 -> 4.756 | H36: =SUM(H31:H35)/5 -> 0.452
E37: Avg. sorting rate | F37: =((5*6-(E36+F36))/(5*6))*100 -> 40
C38: Initial prompt | D38: Overall remarks | K38: , | L38: =0.87*60 -> 52.2
C39: None | D39: Socrates generally does not have good spatial awareness, which can confuse the workflow as it states that the gripper is at an object, when that is not the case.

Sheet Sort LEGO size
C1: Sim Pipeline
A3: Run Number | B3: Success | C3: Error Cause | D3: Comments | E3: Success with Explainer | F3: Attempts | G3: Time Taken [min] | H3: Cost $ | J3: Time w/o repromtps | K3: Time w. reprompts | M3: completion rate | N3: compl time | R3: try 1 before changeing prompt
A4: 1 | B4: 1 | D4: very good round but dropped it due to fysics. also sometimes does not use the right arm so it then needs to handover. | F4: 1 | G4: 10 32 | H4: 0.67 | I4: min | J4: N/A | K4: N/A | M4: =6/6*100 -> 100 | N4: =10+32/60 -> 10.533333 | Q4: 0 | R4: One brick was sortet into the wrong container. this happened after find_object was called becouse all big bricks were sorted at that point. Sim judge did not see the brick that was sorted wrong so it finished it even though it failed the sorting. | S4: it had a small issue shortly where the right arm did not let go at handover but it corrected it. | T4: 0 | U4: 0 | V4: 0.38402778 | W4: 0.56
A5: 2 | B5: 0 | D5: The two first rounds it had issues with it making grasps without calling find object. making it think it had conpleted the task. 2.1: Yolo found the brick just a wrong one and it confused a lot and made a lot of ghost grasped and did not finish. 2.2 dropped some grasps and made ghost grasps, did not finish lacked 2. 2.3 dropped it once but called find object, did also make ghost grasps, but finished. | E5: 1 | F5: 3 | G5: 9 40 | H5: 1.62 | I5: m:sec | J5: N/A | K5: N/A | M5: =13/18*100 -> 72.222222 | N5: =9+40/60+12+8+9/60 -> 29.816667 | R5: 1 | T5: Called find_object many times. one time it dropped it and imeadiatly lokked for it again. it also attemped to sort bricks that were already sortet, but it just resorted them or could not plan. some bad grasps made it drop a few bricks | U5: 0 | V5: 1 | W5: 14 21 | X5: 0.88
A6: 3 | B6: 0 | C6: Did succed but said it failed due to simjudger seen mixed sizes | D6: Video i et styk: 3.1 blokeret for camera med arm så den ikke fandt sidste brick, error corrercter sagde forskellige størrelser bricks og fejlede den. (--,. 3.2: lykkedes direkte men error explainor sagde den var fejlet pga den sagde den kunne se begge sizes in the boxes. We stopped it and saved tool list | E6: 0 | F6: 2 | G6: 5 50 | H6: 1.8 | M6: =11/12*100 -> 91.666667 | N6: =15+49/60 -> 15.816667 | R6: 0 | T6: First round Big collision between left arm and box, so it failed becouse the arm could not move. it tried a lot of times untill it ended it. Second round: Had some errors picking the objects up midway, as it projected all grasps a little to the right, but used find objects after and finished after it had tried to grasp one of the sorted ones. But succes | U6: 1 | V6: 2 | W6: 31 12 | X6: 2.38
A7: 4 | B7: 0 | D7: 4.1: Yolo found object and made the cell confused, and it used move to pose a lot, found ghost and becouse of it it sorted a brick wrong becouse it thought it was the ghost!!! the error corrected did not get that error but the error that it did not complete as it failed after hand over. 4.2: much move to pose instead of pick up. collided becouse of it and failed hand over becouse it used move to pose. did not sort after that as it did not open right arm. ghost grasps. 4.3:collided due to moove to pose. collided with left arm but did succed. | E7: 1 | F7: 3 | G7: 8 04 | H7: 0.6 | M7: =9/12*100 -> 75 | N7: =8+4/60+12+16/60+10 -> 30.333333
A8: 5 | B8: 0 | C8: Did succed but said it failed due to simjudger seen mixed sizes | D8: 5: did it perfektly but error corrector said it failed due to sorting image. | E8: 0 | F8: 1 | G8: 4 52 | H8: 0.29 | M8: =6/6*100 -> 100 | N8: =4+52/60 -> 4.8666667
A9: Avg. | B9: =SUM(B4:B8)/5 -> 0.2 | E9: =SUM(E4:E8)/4 -> 0.5 | F9: =SUM(F4:F8)/5 -> 2 | G9: =SUM(G4:G8)/5 -> 0 | H9: =SUM(H4:H8)/5 -> 0.996 | I9: =(H7+H5+H4)/3 -> 0.96333333 | M9: =SUM(M4:M8)/5 -> 87.777778 | N9: =SUM(N4:N8)/5 -> 18.273333 | O9: =0.2733*60 -> 16.398
C11: Initial prompt | D11: Overall remarks
C12: Sort the Lego by size. Drop-off point for left bowl is [0.95, 0.4, 0.25, 0, 0, 0] and drop-off point for right bowl is [0.05, 0.4, 0.25, 0, 0, 0]. Big Legoes with a size over 0.002 go in the left bowl and small Legoes with a size under 0.002 go in the right bowl | D12: Handover in the beginning is fine but late it often crashes the run. it uses move_to all the time confusing and colliding. Ylo world made False detections. MAde ghost grasps. tried to grasps sorted objects. did often not finish when hand over using move_to. Error detector har dårlig view so it says it fails even though it succeds. | N12: 23 33 | O12: final in min
C16: Real Pipeline
A17: Run Number | B17: Success | C17: Error Cause | D17: Comments | E17: Success with user | F17: Extra num prompts | G17: Time Taken [min] | H17: Cost | J17: Time w/o repromtps | K17: Time w. reprompts
A18: 1 | B18: 0 | C18: collided with brick as it first moved it to the hand over position, and then witout removing the brick from the pick up position, tried to grasp the previus position of the brick and move that to drop off making the right arm push the brick at drop off into another brick, making them to wide to grasp for the left arm, resulting in a collition. | G18: 6 11 | H18: 0.7 | I18: min | J18: N/A | K18: N/A
A19: 2 | B19: 0 | C19: sorted all but one correctly. it that had a very small area, due to camera error. | D19: So Sad it went smoth | G19: 6 29 | H19: 0.69 | I19: m:sec | J19: N/A | K19: N/A
A20: 3 | B20: 1 | D20: Perfect | G20: 4 | H20: 0.36
A21: 4 | B21: 0 | C21: empty tool list before task complete. NOTE: Improvement could be to have a task success detector. it made a handover with the wrong brick so used some tool cals to take the brick back to the right side again. | D21: Almost perfect. Sokrates found both legoes | G21: 5 51 | H21: 0.71
A22: 5 | B22: 1 | G22: 3 05 | H22: 0.27 | M22: min | N22: sec
A23: Avg. | B23: =2/5*100 -> 40 | H23: =SUM(H18:H22)/5 -> 0.546 | J23: =(H18+H19+H21)/3 -> 0.7 | K23: =(H20+H22)/2 -> 0.315 | M23: =(6+6+4+5+3+1)/5 -> 5 | N23: =36 -> 36
E24: completion rate | F24: =(16)/24*100 -> 66.666667
C25: Initial prompt | D25: Overall remarks
C26: None | D26: We changed threshold to 0.0016 on real cell. The order is limiting, this is seen a lot at tasks with hand over, where it makes mistakes as it places the wrong cubes at hand over and then run out of tool calls. It had run a perfect round but just needed to move the last to the goal, here some more freedom or a success detector could be nice. It was wery good at reasoning abouth what to do with all the extra move to_. generally this cell seems better at reasoning and understanding, possebly due to it having the list as backup.
C29: Sim Pipeline on Real Cell
A30: Run Number | B30: Success | C30: Error Cause | D30: Comments | E30: Success with user | F30: Extra num prompts | G30: Time Taken [min] | H30: Cost | J30: Time w/o repromtps | K30: Time w. reprompts
A31: 1 | B31: 0 | C31: Found the brick that was sorted wrong and tried to grasp it and move it to the other bin, but instead collided with box. | D31: Adding collition to boxes would be great. Sorted a brick wrong despite having a valid area value. | G31: 14 32 | H31: 1.29 | I31: min | J31: N/A | K31: N/A
A32: 2 | B32: 0 | C32: Collided with box, due to placement of a brick that was behind the box, and since it does not have collition box for the box it planned through it. | D32: Othervise very promesing | G32: 4 47 | H32: 0.21 | I32: m:sec | J32: N/A | K32: N/A
A33: 3 | B33: 0 | C33: Point cloud error so the area was small for a big object = incorrect sorting. collided with box due to rrt planner moving though it. | D33: Planner planned trhough the box when going to grasp the last brick on table. | G33: 5 22 | H33: 0.37 | O33: =0.6*60 -> 36
A34: 4 | B34: 0 | C34: point cloud error, big was sorted as small + tried to plan into bin to move one that it now saw as small. Emergency stop. | G34: 5 | H34: 0.32 | M34: =38/5 -> 7.6 | N34: =46/5 -> 9.2
A35: 5 | B35: 0 | C35: Ended up in a loop where it tried to move to a pose with the right arm. | G35: 9 05 | H35: 1.01 | L35: =(16)/25*100 -> 64
A36: Avg. | B36: 0 | H36: =SUM(H31:H35)/5 -> 0.64
L37: 7 out of ten
C38: Initial prompt | D38: Overall remarks
C39: Sort the Lego by size. Drop-off point for left bowl is [0.95, 0.4, 0.25, 0, 0, 0] and drop-off point for right bowl is [0.05, 0.4, 0.25, 0, 0, 0]. Big Legoes with a size over 0.0016 go in the left bowl and small Legoes with a size under 0.0016 go in the right bowl | D39: Try to grasp objects in bin. point cloud error so size was wrong. Planned through box=collition. Often made hand over even though the correct arm could pick it up, just becouse it was on the other side of the table. keept looping at same position when nothing happeeed.

Sheet Sort Waste
A1: Run Number | B1: Success | C1: Error Cause | D1: Comments | E1: Success with user | F1: Extra num prompts | G1: Time Taken [min] | J1: Time w/o repromtps | K1: Time w. reprompts
A2: 1 | I2: min | J2: N/A | K2: N/A
A3: 2 | I3: m:sec | J3: N/A | K3: N/A
A4: 3
A5: 4
A6: 5
A7: Avg.
C10: Initial prompt | D10: Overall remarks
C11: Sort the different waste into the three bins according to their type.
