Workbook

Sheet System Test
A1: . | B1: Push Box | C1: Move Bottle | D1: Pick Up Screwdriver | E1: Switch Fruits | F1: Pick Up w Obstacles | G1: Sort Fruits | I1: Task | J1: Initial prompt | K1: Overall remarks | N1: Task | O1: Overall remarks
A2: Successful Tasks w/o Reprompts | B2: ='Push Box'!B7 -> 0 | C2: ='Move Bottle'!B7 -> 0.8 | D2: ='Pick Up Screwdriver'!B7 -> 0.2 | E2: ='Switch Fruit'!B7 -> 0 | F2: ='Pick Up w Obstacles'!B7 -> 0 | G2: ='Sort Fruits'!B7 -> 0 | I2: Push Box | J2: Push the realsense box 10 cm to the left using the right arm | K2: A combination of lack of approaching from the sides and that the gripper was open. | N2: Push Box | O2: A combination of lack of approaching from the sides and that the gripper was open.
A3: Successful Tasks incl. Reprompts | B3: ='Push Box'!E9 -> 0.2 | C3: ='Move Bottle'!D9 -> 0.8 | D3: ='Pick Up Screwdriver'!D9 -> 1 | E3: ='Switch Fruit'!D9 -> 0.4 | F3: ='Pick Up w Obstacles'!D9 -> 0 | G3: ='Sort Fruits'!E7 -> 0 | I3: Move Bottle | J3: Pick up the bottle, and move it to the right arm's home position | K3: When the bottle is placed on the left side of the table, then it uses the left arm, despite the left arm not being able to reach the right arms home location. | N3: Move Bottle | O3: When the bottle is placed on the left side of the table, then it uses the left arm, despite the left arm not being able to reach the right arms home location.
A4: Avg. Reprompts | B4: ='Push Box'!G7 -> 2.4 | C4: ='Move Bottle'!F7 -> 0 | D4: ='Pick Up Screwdriver'!F7 -> 1.6 | E4: ='Switch Fruit'!F7 -> 1.2 | F4: ='Pick Up w Obstacles'!F7 -> 0 | G4: ='Sort Fruits'!F7 -> 2.6 | I4: Pick Up Screwdriver | J4: Pick up the biggest screwdriver with the right arm | K4: YOLO-World could not find both screwdrivers, which caused it to often pick up the small screwdriver as this was found the most. | N4: Pick Up Screwdriver | O4: YOLO-World could not find both screwdrivers, which caused it to often pick up the small screwdriver as this was found the most.
A5: Avg. Task Time | B5: ='Push Box'!M3 -> 4:00 | C5: ='Move Bottle'!L3 -> 2:00 | D5: ='Pick Up Screwdriver'!L3 -> 2:56 | E5: ='Switch Fruit'!L3 -> 7:53 | F5: ='Pick Up w Obstacles'!L3 -> 1:26 | G5: ='Sort Fruits'!L3 -> 13:24 | I5: Switch Fruits | J5: Switch the positions of the banana and the apple | K5: Generally it failed because it did not move the fruit when placing the switching the first fruit's position. | N5: Switch Fruits | O5: Generally it failed because it did not move the other fruit when placing the first fruit.
A6: Avg. Time w. reprompts [min:sec] | B6: ='Push Box'!L3 -> 3:01 | C6: ='Move Bottle'!K3 -> N/A | D6: ='Pick Up Screwdriver'!K3 -> 3:30 | E6: ='Switch Fruit'!K3 -> 7:23 | F6: ='Pick Up w Obstacles'!K3 -> N/A | G6: ='Sort Fruits'!K3 -> N/A | I6: Pick Up w. Obstacles | J6: Pick up the mug between the two obscuring bottles | K6: It did not care about the bottles. | N6: Pick Up w. Obstacles | O6: It did not care about the bottles.
I7: Sort fruits | J7: Sort the fruits by placing the apples in the bowl to the right and the bananas in the bowl to the left | K7: Generally it finished the task too early when Socrates could not see the workspace e.g. when releasing the banana in the left bowl | N7: Sort fruits | O7: Generally it finished the task too early when Socrates could not see the workspace e.g. when releasing the banana in the left bowl
D10: Success w/o Reprompts | E10: Reprompt succes
D11: =SUM(B2:G2)/6 -> 0.16666667 | E11: =('Push Box'!F7+'Move Bottle'!E7+'Pick Up Screwdriver'!E7+'Switch Fruit'!E7+'Pick Up w Obstacles'!E7+'Sort Fruits'!E7)/6 -> 0.26666667
D12: Total Success w. Reprompts
D13: 0.4

Sheet Sheet1
A1: . | B1: Push Box | C1: Move Bottle | D1: Pick Up Screwdriver | E1: Switch Fruits | F1: Pick Up w Obstacles | G1: Sort Fruits | J1: Run Number | K1: Success | L1: Error Cause | M1: General Comments | N1: Success with user | O1: Extra num prompts | P1: Time Taken [min] | S1: Task | T1: Overall remarks
A2: Successful Tasks w/o Reprompts | B2: ='Push Box'!B7 -> 0 | C2: ='Move Bottle'!B7 -> 0.8 | D2: ='Pick Up Screwdriver'!B7 -> 0.2 | E2: ='Switch Fruit'!B7 -> 0 | F2: ='Pick Up w Obstacles'!B7 -> 0 | G2: ='Sort Fruits'!B7 -> 0 | J2: 1 | S2: Push Box | T2: A combination of lack of approaching from the sides and that the gripper was open.
A3: Successful Tasks w. Reprompts | B3: ='Push Box'!F7 -> 0.2 | C3: ='Move Bottle'!E7 -> 0 | D3: ='Pick Up Screwdriver'!E7 -> 1 | E3: ='Switch Fruit'!E7 -> 0.4 | F3: ='Pick Up w Obstacles'!E7 -> 0 | G3: ='Sort Fruits'!E7 -> 0 | J3: 2 | S3: Move Bottle | T3: When the bottle is placed on the left side of the table, then it uses the left arm, despite the left arm not being able to reach the right arms home location.
A4: Avg. Reprompts | B4: =('Push Box'!G2)/1 -> 3 | C4: N/A | D4: =('Pick Up Screwdriver'!F2+'Pick Up Screwdriver'!F3+Table21213[[#This Row],[Extra num prompts]]+'Pick Up Screwdriver'!F5)/4 -> 2 | E4: =('Switch Fruit'!F2+'Switch Fruit'!F5)/2 -> 1.5 | F4: N/A | G4: N/A | J4: 3 | S4: Pick Up Screwdriver | T4: YOLO-World could not find both screwdrivers, which caused it to often pick up the small screwdriver as this was found the most.
A5: Avg. Time w/o reprompts [min:sec] | B5: ='Push Box'!K3 -> N/A | C5: ='Move Bottle'!J3 -> 1:20 | D5: ='Pick Up Screwdriver'!J3 -> 0:41 | E5: ='Switch Fruit'!J3 -> N/A | F5: ='Pick Up w Obstacles'!J3 -> N/A | G5: ='Sort Fruits'!J3 -> N/A | J5: 4 | S5: Switch Fruits | T5: Generally it failed because it did not move the other fruit when placing the first fruit.
A6: Avg. Time w. reprompts [min:sec] | B6: ='Push Box'!L3 -> 3:01 | C6: ='Move Bottle'!K3 -> N/A | D6: ='Pick Up Screwdriver'!K3 -> 3:30 | E6: ='Switch Fruit'!K3 -> 7:23 | F6: ='Pick Up w Obstacles'!K3 -> N/A | G6: ='Sort Fruits'!K3 -> N/A | J6: 5 | S6: Pick Up w. Obstacles | T6: It did not care about the bottles.
J7: Avg. | S7: Sort fruits | T7: Generally it finished the task too early when Socrates could not see the workspace e.g. when releasing the banana in the left bowl
A9: Success w/o Reprompts | B9: Reprompt succes | C9: Total Success w. Reprompts
A10: 0.1667 | B10: 0.2667 | C10: 38.89%

Sheet Push Box
A1: Trial Number | B1: Success | C1: Initial prompt | D1: Error Cause | E1: Comments | F1: Success with user | G1: Extra num prompts | H1: Time Taken [min] | K1: Time w/o repromtps | L1: Time w. reprompts | M1: Avg.
A2: 1 | B2: 0 | C2: Push the realsense box 10 cm to the left using the right arm | D2: It only atempted to move the box 5 cm to the left, when it should be 10. And the gripper was not closed, so the box went between the fingers | E2: It fixed it by closing the gripper and then pushing it an extra 5 cm. | F2: 1 | G2: 3 | H2: 3.02 | J2: min | K2: N/A | L2: =Table2[[#This Row],[Time Taken '[min']]] -> 3.02 | M2: =H7 -> 4.008
A3: 2 | B3: 0 | C3: Push the realsense box 10 cm to the left using the right arm | D3: When approaching the box, it added 10 cm to the boxes current location, when it should have moved to 10 cm less. | E3: We had to press the stop button to avoid collision with the box | F3: 0 | G3: 0 | H3: 0.9 | J3: m:sec | K3: N/A | L3: 3:01 | M3: 4:00
A4: 3 | B4: 0 | C4: Push the realsense box 10 cm to the left using the right arm | D4: It did not close the gripper after approaching , and it only tried to push it 1 cm istead of 10 | E4: When trying to correct, it picked up the box, and moved it to the right. | F4: 0 | G4: 3 | H4: 5.57
A5: 4 | B5: 0 | C5: Push the realsense box 10 cm to the left using the right arm | D5: It did not close the gripper after approaching. | E5: It had the right apporach, after correction, but the box had moved by then. | F5: 0 | G5: 3 | H5: 5.63
A6: 5 | B6: 0 | C6: Push the realsense box 10 cm to the left using the right arm | D6: It moved the gripper above the box, not beside it or down on it, so when it moved to plus 10 cm then the box did not follow | E6: It seems to not want to update the position of the box after a failed atempt. | F6: 0 | G6: 3 | H6: 4.92
A7: Avg. | B7: =SUM(B2:B6)/5 -> 0 | C7: Push the realsense box 10 cm to the left using the right arm | D7: It would never close the gripper after approaching, and it would often move it the wrong amout. | F7: =SUM(F2:F6)/(5-SUM(B2:B6)) -> 0.2 | G7: =SUM(G2:G6)/5 -> 2.4 | H7: =SUM(H2:H6)/5 -> 4.008
D9: Total Success incl. Repromtps | E9: =(SUM(B2:B6)+SUM(F2:F6))/5 -> 0.2
C11: Initial prompt | D11: Overall remarks
C12: Push the realsense box 10 cm to the left using the right arm | D12: A combination of lack of approaching from the sides and that the gripper was open.

Sheet Move Bottle
A1: Run Number | B1: Success | C1: Error Cause | D1: Comments | E1: Success with user | F1: Extra num prompts | G1: Time Taken [min] | J1: Time w/o repromtps | K1: Time w. reprompts | L1: Avg. Time
A2: 1 | B2: 1 | D2: It worked great, although it searched for the predefined locations, which was not necessary | E2: 0 | F2: 0 | G2: 1.07 | I2: min | J2: =(Table212[[#This Row],[Time Taken '[min']]]+G4+G6+G5)/4 -> 1.325 | K2: N/A | L2: =G7 -> 1.994
A3: 2 | B3: 0 | C3: It used the left arm, so it could not go to the right arm home postion. After that it planned a movement that would result in the bottle colliding with the other arm. Emergency stop was used. | E3: 0 | F3: 0 | G3: 4.67 | I3: m:sec | J3: 1:20 | K3: N/A | L3: 2:00
A4: 3 | B4: 1 | D4: It worked great, although it searched for the predefied locations, which was not necessary | E4: 0 | F4: 0 | G4: 1.38
A5: 4 | B5: 1 | D5: Even though it was on the left side it picked it up using the right arm. This was good. It should have done this in run 2 as well. | E5: 0 | F5: 0 | G5: 1.63
A6: 5 | B6: 1 | D6: It worked great, although it searched for the predefied locations, which was not necessary | E6: 0 | F6: 0 | G6: 1.22
A7: Avg. | B7: =SUM(B2:B6)/5 -> 0.8 | E7: =SUM(E2:E6)/(5-SUM(B2:B6)) -> 0 | F7: =SUM(F2:F6)/5 -> 0 | G7: =SUM(G2:G6)/5 -> 1.994
C9: Total Success incl. Repromtps | D9: =(SUM(B2:B6)+SUM(E2:E6))/5 -> 0.8
C11: Initial prompt | D11: Overall remarks
C12: Pick up the bottle, and move it to the right arms home position | D12: When the bottle is placed on the left side of the table, then it uses the left arm, despite the left arm not being able to reach the right arms home location.

Sheet Pick Up Screwdriver
A1: Run Number | B1: Success | C1: Error Cause | D1: Comments | E1: Success with user | F1: Extra num prompts | G1: Time Taken [min] | J1: Time w/o repromtps | K1: Time w. reprompts | L1: Avg. Time
A2: 1 | B2: 0 | C2: YOLO could only find the small screwdriver. | D2: When asked to search for a synonym it looked for tool and only found the biggest screwdriver and therefore "succeeded ". | E2: 1 | F2: 3 | G2: 6.88 | I2: min | J2: =G6 -> 0.68 | K2: =(Table21213[[#This Row],[Time Taken '[min']]]+G3+G4+G5)/4 -> 3.4975 | L2: =G7 -> 2.934
A3: 2 | B3: 0 | C3: YOLO-World estimated the small screwdriver to have a larger width, because it had a diagonal width. | D3: Socrates can see that the biggest screwdriver is to the left and tries to tell Janise to focus on that. However, it still took the returned biggest width and thought it was related to the screwdriver located on the left although it was the opposite. | E3: 1 | F3: 3 | G3: 2.78 | I3: m:sec | J3: 0:41 | K3: 3:30 | L3: 2:56
A4: 3 | B4: 0 | C4: YOLO-World estimated the small screwdriver to have a larger width. However, they both had a diagonal width and were very close to each other, but the smallest screwdriver had larger returned width and was therefore chosen. | D4: Socrates seemed to know which screwdriver was correct initially, but got confused later. | E4: 1 | F4: 1 | G4: 1.85
A5: 4 | B5: 0 | C5: YOLO could only find the small screwdriver. | D5: When asked to search for screwdriver again it found only the biggest screwdriver and therefore "succeeded ". | E5: 1 | F5: 1 | G5: 2.48
A6: 5 | B6: 1 | D6: As YOLO-World succeeded in both screwdriver, the task was easily completed | E6: 0 | F6: 0 | G6: 0.68
A7: Avg. | B7: =SUM(B2:B6)/5 -> 0.2 | E7: =SUM(E2:E6)/(5-SUM(B2:B6)) -> 1 | F7: =SUM(F2:F6)/5 -> 1.6 | G7: =SUM(G2:G6)/5 -> 2.934
C9: Total Success incl. Repromtps | D9: =(SUM(B2:B6)+SUM(E2:E6))/5 -> 1
C11: Initial prompt | D11: Overall remarks
C12: Pick up the biggest screwdriver with the right arm | D12: YOLO-World could not find both screwdrivers, which caused it to often pick up the small screwdriver as this was found the most.

Sheet Switch Fruit
A1: Run Number | B1: Success | C1: Error Cause | D1: Comments | E1: Success with user | F1: Extra num prompts | G1: Time Taken [min] | J1: Time w/o repromtps | K1: Time w. reprompts | L1: Avg. Time
A2: 1 | B2: 0 | C2: The system recorded the initial position of the banana and apple and then picked up the banana first with the right arm. The right gripper dragged the banana into the apples position, pushing it aside, and then it tried grasping the apple using its initial position, but failed because it had been pushed aside by the gripper earlier. | D2: It was nicely fixed by telling it that it had pushed the apple away and was asked to try again by picking it up at its new position | E2: 1 | F2: 1 | G2: 5.53 | I2: min | J2: N/A | K2: =(Table2121315[[#This Row],[Time Taken '[min']]]+G5)/2 -> 7.39 | L2: =G7 -> 7.894
A3: 2 | B3: 0 | C3: Replaced banana at its initial position and at last it dropped the apple so it fell off the table, which is unfixable. | D3: Socrates started to put people into the message history, maybe because it saw Silas' legs. | E3: 0 | F3: 0 | G3: 6.57 | I3: m:sec | J3: N/A | K3: 7:23 | L3: 7:53
A4: 3 | B4: 0 | C4: It picked up the banana with the right arm and the apple with the left arm, but the system then, for each arm, proceeded to plan a path to one fruit's initial position to the other fruit's initial position. However, as the arms were in the way this was impossible, and instead they would sometimes just drop the fruit they were holding. | D4: It picked up the apple with the left arm and the banan with the right arm, so it didn't push the other fruit away this time | E4: 0 | F4: 3 | G4: 11.42
A5: 4 | B5: 0 | C5: The system recorded the initial position of the banana and apple and then picked up the banana first with the right arm. The right gripper dragged the banana into the apples position, pushing it aside, and then it tried grasping the apple using its initial position, but failed because it had been pushed aside by the gripper earlier. Instead, it again grasped the banana, which it had just placed, and put it back on its initial position. | D5: Generally, it was found that it only regarded the last suggestion/step from Socrates. So, it did not make proper preparations. | E5: 1 | F5: 2 | G5: 9.25
A6: 5 | B6: 0 | C6: It tried to plan to pick up apple with left arm, which was impossible due to joint limits. Afterwards, it picked up the banana with the right arm and pushed away the apple as usual. | D6: For the first time, Socrates made a very nice suggestion for the steps to take which included a temporary position for the fruits to position without collision with the other fruit. | E6: 0 | F6: 0 | G6: 6.7
A7: Avg. | B7: =SUM(B2:B6)/5 -> 0 | E7: =SUM(E2:E6)/(5-SUM(B2:B6)) -> 0.4 | F7: =SUM(F2:F6)/5 -> 1.2 | G7: =SUM(G2:G6)/5 -> 7.894
C9: Total Success incl. Repromtps | D9: =(SUM(B2:B6)+SUM(E2:E6))/5 -> 0.4
C11: Initial prompt | D11: Overall remarks
C12: Switch the positions of the banana and the apple | D12: Generally it failed because it did not move the other fruit when placing the first fruit.

Sheet Pick Up w Obstacles
A1: Run Number | B1: Success | C1: Error Cause | D1: Comments | E1: Success with user | F1: Extra num prompts | G1: Time Taken [min] | J1: Time w/o repromtps | K1: Time w. reprompts | L1: Avg. Time
A2: 1 | B2: 0 | C2: The system only found the bottom bottle and not the bottle inside the cup and proceeded to pick up the cup directly, resulting in the emergency stop button being pressed. | D2: The bottle inside the cup might have been missed because the camera could not fully see it from the camera pose. | E2: 0 | F2: 0 | G2: 1.05 | I2: min | J2: N/A | K2: N/A | L2: =G7 -> 1.436
A3: 2 | B3: 0 | C3: The same error happened again, where the system did not care that the mug was between obstacles and proceed to pick up the mug, which resulted in a bad collission between the gripper and a bottle. This time it was for the right arm though. | D3: We'll probably need another system prompt to successfully complete this task. | E3: 0 | F3: 0 | G3: 0.73 | I3: m:sec | J3: N/A | K3: N/A | L3: 1:26
A4: 3 | B4: 0 | C4: The system found the mug and proceeded to pick it up without first removing the bottles in front and behind it, resulting in an emergency stop to save the right gripper from colliding with a bottle. | E4: 0 | F4: 0 | G4: 0.73
A5: 4 | B5: 0 | C5: The system initially found the right gripper as cup. Afterwards, the system found the mug as cup and proceeded to pick it up with the obstacles still in the way, resulting in an emergency stop | E5: 0 | F5: 0 | G5: 3.95
A6: 5 | B6: 0 | C6: The system found the mug and proceeded to pick it up without first removing the bottle on top of it, resulting in an emergency stop. | E6: 0 | F6: 0 | G6: 0.72
A7: Avg. | B7: =SUM(B2:B6)/5 -> 0 | E7: =SUM(E2:E6)/(5-SUM(B2:B6)) -> 0 | F7: =SUM(F2:F6)/5 -> 0 | G7: =SUM(G2:G6)/5 -> 1.436
C9: Total Success incl. Repromtps | D9: =(SUM(B2:B6)+SUM(E2:E6))/5 -> 0
C11: Initial prompt | D11: Overall remarks
C12: Pick up the mug between the two obscuring bottles | D12: It did not care about the bottles.

Sheet Sort Fruits
A1: Run Number | B1: Success | C1: Error Cause | D1: Comments | E1: Success with user | F1: Extra num prompts | G1: Time Taken [min] | J1: Time w/o repromtps | K1: Time w. reprompts | L1: Avg. Time
A2: 1 | B2: 0 | C2: It started by picking up an apple with the left gripper, which is an error as the apples should be placed in the right gripper bowl. The left gripper also did not always close entirely sometimes when grasping a banana, which caused the grasps to fail. One apple was also out of reach for the right gripper due to joint constraints, and when the left gripper was sent to move the apple to a temporary location that the right gripper can reach, it went for an apples location, which had already been placed in the bowl. The system reached the prompt limit in the end, while still needing to place 1 apple and 2 bananas in their respective bowls. | E2: 0 | F2: 3 | G2: 24.03 | I2: min | J2: N/A | K2: N/A | L2: =G7 -> 13.418
A3: 2 | B3: 0 | C3: The right gripper kept picking up the same banana which was wrong, since it should only pick up apples. Socrates also kept ending the workflow, because it lost sight of the table when the left gripper was moving bananas, because the camera was faced outside the table. | E3: 0 | F3: 3 | G3: 10.55 | I3: m:sec | J3: N/A | K3: N/A | L3: 13:24
A4: 3 | B4: 0 | C4: It stopped early, because it did not know where to drop off the bananas and apples. In all earlier tests, Socrates told Janise that it could drop the fruit off at the arm's respective home positions, but not this time. The test failed when the left gripper was about to hit the right arm, which resulted in the emergency stop button being pressed. | E4: 0 | F4: 1 | G4: 3.55
A5: 4 | B5: 0 | C5: The errors were much similar to the others, except this time it took a banana all the way to the wrong bowl, but did not release it. | E5: 0 | F5: 3 | G5: 13.58 | M5: =0.41*60 -> 24.6
A6: 5 | B6: 0 | C6: The system decided to drop the fruit of add drop points it decided on its own, which were faulty and not inside the bowl, so it dropped a lot of fruit on the table again. We also accidently placed an apple an a banana too close to each other, and the right arm accidently sliced an apple when trying to grasp a banana (although it should never have grasped bananas in the first place). | E6: 0 | F6: 3 | G6: 15.38
A7: Avg. | B7: =SUM(B2:B6)/5 -> 0 | E7: =SUM(E2:E6)/(5-SUM(B2:B6)) -> 0 | F7: =SUM(F2:F6)/5 -> 2.6 | G7: =SUM(G2:G6)/5 -> 13.418
C9: Total Success incl. Repromtps | D9: =(SUM(B2:B6)+SUM(E2:E6))/5 -> 0
C11: Initial prompt | D11: Overall remarks
C12: Sort the fruits by placing the apples in the bowl to the right and the bananas in the bowl to the left | D12: Generally it finished the task too early when Socrates could not see the workspace e.g. when releasing the banana in the left bowl
